<ComponentDescriptor>
  <Name>VMware.VimAutomation.Cis.Core.Commands</Name>
  <Assembly>VMware.VimAutomation.Cis.Core.Commands</Assembly>
  <ImplementingType>VMware.VimAutomation.Cis.Core.Commands.CisCommandsComponentImpl</ImplementingType>
  <IsSnapin>true</IsSnapin>
  <ProvidedServiceList>
  </ProvidedServiceList>
  <RequiredServiceList>
    <ServiceDescriptor>
      <Name>CisCoreService</Name>
      <Version>1.0</Version>
    </ServiceDescriptor>
  </RequiredServiceList>
  <ExtendedServiceList>
  </ExtendedServiceList>
  <Version>
    <Major>5</Major>
    <Minor>1</Minor>
    <Revision>0</Revision>
    <Build>5327113</Build>
    <Company>VMware Inc.</Company>
    <Copyright>Copyright 2014</Copyright>
    <UserFriendlyVersion>VMware VDS PowerCLI Component 5.1 build 5327113</UserFriendlyVersion>
    <Description>Provides core cmdlets for managing VMware Cloud Infrastructure Suite.</Description>
  </Version>
</ComponentDescriptor>